image,tl_x,tl_y,tr_x,tr_y,br_x,br_y,bl_x,bl_y,real_width_mm,real_depth_mm,bev_w,bev_h
20260530_230110_jpg.rf.c333d711d6a5e63ca8077f47d35b50fe.jpg,471,7,2626,-2,5966,2904,-1940,2870,4160,5000,600,721
20260618_225217_jpg.rf.857363fe800cf4869060af9f3ea787ea.jpg,1608,16,5042,36,8973,3878,-2881,3977,4870,5000,600,616
20260618_225227_jpg.rf.b43f9e030c2d29565e2d1ecc6d0f81d7.jpg,1031,26,4644,16,8924,3957,-2831,3878,4870,5000,600,616
20260618_225236_jpg.rf.7f7263bfb5880c195550cb7eed55bcea.jpg,1130,-4,4853,16,9023,3957,-2990,3937,4870,5000,600,616
20260618_225503_jpg.rf.d968bd53bfc2c5c62106284b9f5f92c5.jpg,1947,-4,4763,26,9013,3957,-2771,3957,4870,5000,600,616
20260618_225512_jpg.rf.ca49ac39b57d1cb71fa3078cf14e8f71.jpg,2136,16,5261,16,9083,3927,-2881,3927,4870,5000,600,616
20260618_225549_jpg.rf.12e6562f569258c4f1098a42184232a8.jpg,1479,16,4256,26,8516,3887,-2682,3957,4870,5000,600,616
20260618_225559_jpg.rf.eda56ecfc1607b53d57ca4bf8112c729.jpg,1917,26,4982,26,8914,3957,-2642,4007,4870,5000,600,616
20260618_230027_jpg.rf.f93f97700f0d69e237aef96466176afd.jpg,1758,16,4186,26,7978,3977,36,3937,3100,5000,600,968
20260618_230038_jpg.rf.e4c67ae93deb149989607f68a80becf5.jpg,1728,26,4136,16,7928,3947,-313,3977,3100,5000,600,968
20260618_230322_jpg.rf.305e82cac9865d46ee547dc7daab552e.jpg,1857,26,4216,-4,6913,3937,-1368,3927,3100,5000,600,968
20260618_230421_jpg.rf.c19dd483140b2e96d27a069f928a6a8a.jpg,1668,6,3619,6,7082,3927,-691,3937,3100,5000,600,968
20260618_230430_jpg.rf.8dc59cb7bd638836b3c81ac5737826b9.jpg,2166,26,3808,16,7033,3868,-343,3997,3100,5000,600,968
20260618_230438_jpg.rf.9c614a5df57b85c2771fef3294de6379.jpg,2195,16,3848,16,7023,3937,-631,3947,3100,5000,600,968
20260618_230725_jpg.rf.1b5645798d2cb5958a3c418a2ed656cb.jpg,1807,16,3509,16,6754,3897,-1417,3897,3100,5000,600,968
20260618_230735_jpg.rf.c5ed887e9ff106c7e077fec116c3a0e6.jpg,1877,16,3997,36,6903,3917,-1228,3957,3100,5000,600,968
20260618_230740_jpg.rf.dbeb8192ef92105c14a203567fd6f603.jpg,2086,16,3957,36,6117,3917,-1447,3947,3100,5000,600,968
20260618_230754_jpg.rf.954103b5fc4ed821433ceb8fa35e94c3.jpg,1210,26,3878,26,6565,3937,-1726,3977,3100,5000,600,968
20260618_230810_jpg.rf.402577c98ef1e90e4c64ca1ce305fa7f.jpg,1628,6,3967,36,6505,3957,-1597,3987,3100,5000,600,968
IMG_20260620_231514_jpg.rf.d8f2dba5b7bb930b69e21d554f2ec1d1.jpg,505,12,3090,31,6339,3469,-2896,3479,4870,5000,600,616
IMG_20260620_231609_jpg.rf.8a98294ab15f84b52137b93af4baff89.jpg,419,3,3081,12,6150,3469,-2953,3479,4870,5000,600,616
IMG_20260620_232037_jpg.rf.9157987a21d38cc3a976f12cd08c64c4.jpg,533,12,2948,-7,6126,3471,-2988,3451,4870,5000,600,616
IMG_20260620_232054_jpg.rf.edff08c8fe16904ee7217c3485f8c90e.jpg,647,12,2901,3,6302,3479,-3019,3460,4870,5000,600,616
IMG_20260620_232106_jpg.rf.67dbc8bd58d04b92b66fde7b97620a9f.jpg,457,12,3176,12,6387,3450,-2953,3460,4870,5000,600,616
IMG_20260620_232133_jpg.rf.7c9837e258d867fde9cf7858a3244603.jpg,448,50,2929,12,6425,3422,-3019,3507,4870,5000,600,616
IMG_20260620_232406_jpg.rf.c438f963ae3308c642c08a182c0d9819.jpg,315,31,3015,3,6358,3488,-2972,3479,4870,5000,600,616
20260530_230139_jpg.rf.f76819b6dcef67cc8bf96bb9a20afafc.jpg,594,-1,2726,1,5744,2879,-2926,2868,4160,5000,600,721
20260530_230220_jpg.rf.b843cbe711a813e0cb3e0bbc5c3c7678.jpg,450,13,2553,13,5472,2863,-2023,2845,4160,5000,600,721
20260530_230234_jpg.rf.52c925799ac83e5e64d532a55a5b199b.jpg,400,5,2630,5,5835,2912,-2293,2885,4160,5000,600,721
20260530_230237_jpg.rf.6689bcbdb413e8969f071f4248b414fc.jpg,325,35,2544,19,5909,2894,-2059,2862,4160,5000,600,721
20260530_230319_jpg.rf.f5002f9ca8aaa15d38e77773db340308.jpg,491,21,2651,10,5909,2853,-2101,2917,4160,5000,600,721
20260530_230340_jpg.rf.8b8045ebaee88f498ab0bd522eb1f88d.jpg,519,21,2682,17,5865,2871,-1763,2884,4160,5000,600,721
20260530_230527_jpg.rf.2adcb905b1031488385398a7560f13c7.jpg,501,5,2730,5,5968,2895,-2150,2885,4160,5000,600,721
20260530_230554_jpg.rf.1fed4a90d219baeb3165e7bf6668ea4f.jpg,588,7,2716,1,5873,2876,-2116,2860,4160,5000,600,721
20260530_230726_jpg.rf.34b42d032683a894c40c48e58e7b2fc5.jpg,384,20,2756,29,5963,2889,-1907,2863,4160,5000,600,721
20260530_230751_jpg.rf.6158b6dc5cf642852d84474528a535d3.jpg,106,18,2546,6,5977,2937,-2506,2852,4160,5000,600,721
20260530_231022_jpg.rf.3f0849d32f744808d0addd5837125431.jpg,271,9,2639,15,5983,2911,-1596,2868,4160,5000,600,721
20260530_231035_jpg.rf.ba940a2fef7318312840e3c208ab73e8.jpg,240,25,2544,9,5760,2895,-1483,2884,4160,5000,600,721
20260530_231055_jpg.rf.75f7bf1764eeef77816d4981ae684e91.jpg,243,4,2606,20,5939,2878,-1506,2857,4160,5000,600,721
20260530_231106_jpg.rf.50fe991d798a9c96f40477448e85e7ec.jpg,432,25,2619,-7,6022,2873,-1765,2857,4160,5000,600,721
20260618_224133_jpg.rf.66a4712bc9e960ad5ee9c10a98a2eb2d.jpg,1618,6,5002,16,9043,3987,-2084,3997,4160,5000,600,721
20260618_224144_jpg.rf.c5704d34256d9a3515eeb9d026a6ad20.jpg,1419,16,4793,6,8446,3997,-2562,3947,4160,5000,600,721
20260618_224155_jpg.rf.436b4f3dad52805098f3fa0519eec674.jpg,1399,6,4883,6,8934,3977,-2472,3977,4160,5000,600,721
20260618_224232_jpg.rf.3155674983c15737ee1975df1b73dede.jpg,1320,6,4952,16,9083,3937,-2353,3977,4160,5000,600,721
20260618_224343_jpg.rf.23f67aaa04432f298924e6eeef623278.jpg,1270,16,4813,-4,8157,3957,-3010,3997,4160,5000,600,721
20260618_224442_jpg.rf.5fafd5d33accf31f6f0f65a2134e1409.jpg,1290,16,5171,16,8197,3917,-2910,3947,4160,5000,600,721
20260618_224445_jpg.rf.ae42e78a8cba4ab507c2411f18a94461.jpg,1310,16,5142,16,8486,3997,-2910,3957,4160,5000,600,721
20260618_224500_jpg.rf.0bd4c15cbb9e3e7ec356ad210d653fcf.jpg,1041,26,4674,6,8207,3947,-2960,3997,4160,5000,600,721
20260618_224559_jpg.rf.9e452c5820009fefac8ae727f303029a.jpg,1429,-4,4972,16,8685,3977,-2930,3947,4160,5000,600,721
20260618_224637_jpg.rf.09fd0a5cb89457e1b372c4e1f4056be4.jpg,1190,6,4843,6,8964,3937,-2682,3947,4160,5000,600,721
20260618_224755_jpg.rf.3df489378e7799e908197708e94b22ab.jpg,921,36,4813,16,8884,3987,-2960,3957,4160,5000,600,721
20260618_224802_jpg.rf.3990f23b747e8ba0e1c67f2d85b29a8d.jpg,1061,36,4405,6,8187,3977,-2960,3987,4160,5000,600,721
20260618_224820_jpg.rf.59f22c3faf09780e89cf54e0af2da9af.jpg,1220,66,4883,6,8964,3927,-2950,3987,4160,5000,600,721
20260618_225100_jpg.rf.618cafff9e7c761e4c3a5abb560a65cd.jpg,1449,26,5142,26,9043,3977,-2791,3947,4870,5000,600,616
20260618_225111_jpg.rf.8af171692a33feeaa0581c8aada9370f.jpg,1260,16,4962,16,9023,3957,-3040,3977,4870,5000,600,616
20260618_225202_jpg.rf.0ac78a8681acd76352c062c0c57708ff.jpg,1698,26,5281,16,9003,3887,-3080,3917,4870,5000,600,616
IMG_20260622_231126_jpg.rf.2ef1f3b80d19e392479f7b035e07f79e.jpg,676,3,2660,3,4948,3470,-2556,3454,3100,5000,600,747
IMG_20260622_231139_jpg.rf.2a0a59387ffe1a49b266b64d5cb2420d.jpg,569,3,2698,-5,4576,3447,-2728,3484,3100,5000,600,747
IMG_20260623_202548_jpg.rf.ca0c4a3382b9243c1eb5e14fd6cee796.jpg,712,8,2830,24,4952,3485,-1922,3485,3100,5000,600,747
IMG_20260623_202612_jpg.rf.d0393f284792fb372bfee53a8bd0e69a.jpg,786,8,2983,8,5234,3506,-1902,3474,3100,5000,600,747
IMG_20260623_202615_jpg.rf.1ea6830576fab41055375a3efca47ba7.jpg,552,-7,3034,-26,5305,3496,-2115,3443,3100,5000,600,747
IMG_20260623_202623_jpg.rf.1163c8993195606a95eff1407bcc8f35.jpg,628,12,2986,12,5288,3460,-2507,3422,3100,5000,600,747
IMG_20260623_202643_jpg.rf.7f6bd61240cfdc729cb87c05e0d38617.jpg,438,31,2456,31,6027,3413,-2166,3488,3100,5000,600,747
IMG_20260623_202655_jpg.rf.3c960c0a4c541d94fbc272d8a94bcf6d.jpg,637,41,3195,41,4938,3469,-1759,3460,3100,5000,600,747
IMG_20260623_202718_jpg.rf.144d67f0c0fe0dcd82c89bf9bdc9fcb7.jpg,685,12,2967,41,5099,3413,-2024,3431,3100,5000,600,747
IMG_20260623_202721_jpg.rf.aa818f23ec435a97cbea9ba15d735c90.jpg,637,-7,2901,-7,5193,3431,-1930,3469,3100,5000,600,747
IMG_20260623_203133_jpg.rf.d5da938cca9b4cfd79444aa11ac7ec3e.jpg,808,12,2854,12,5705,3431,-1466,3422,3100,5000,600,747
IMG_20260623_203138_jpg.rf.cb41799078f5f3977a7364c387774bb9.jpg,808,41,2787,12,5591,3431,-1503,3479,3100,5000,600,747
IMG_20260623_203151_jpg.rf.8392bbe6ea90a172d9c5513504c69329.jpg,902,31,2835,31,5297,3469,-1428,3479,3100,5000,600,747
